Image Number,Two Loop Flower,Three Loop Flower,Other
1,,,0
2,,,0
3,,,0
4,,,0
5,,,0
6,,,0
7,,0,
8,,,0
9,,,0
10,,,0
11,,,0
12,,,0
13,,,0
14,40,,
15,,,0
16,,,0
17,40,,
18,,0,
19,,,0
20,,0,
21,60,,
22,,,0
23,65,,
24,45,,
25,40,,
26,,,0
27,,,0
28,,,0
29,,,0
30,,,0
31,,,0
32,0,,
33,,,0
34,,30,
35,,,0
36,,,0
37,,,0
38,45,,
39,,,0
40,,,0
41,0,,
42,,,0
43,50,,
44,70,,
45,,,0
46,,,0
47,,,0
48,,,0
49,,,0
50,50,,
51,,,0
52,,45,
53,,,0
54,40,,
55,85,,
56,,,0
57,,50,
58,,,0
59,50,,
60,,,0
61,25,,
62,,,0
63,0,,
64,80,,
65,,,0
66,,,0
67,0,,
68,,,0
69,,,0
70,60,,
71,,,0
72,,,0
73,,,0
74,,,0
75,,,0
76,,,0
77,,,0
78,,,0
79,,,0
80,,,0
81,,,0
82,,,0
83,,,0
84,,,0
85,,,0
86,,,0
87,60,,
88,,,0
89,,,0
90,,,0
91,,,0
92,80,,
93,,,0
94,,,0
95,0,,
96,,,0
97,,,0
98,,,0
99,50,,
100,,,0
101,,,0
102,,,0
103,,,0
104,,,0
105,,,0
106,85,,
107,,,0
108,,,0
109,,,0
110,,,0
111,,,0
112,,,0
113,70,,
114,,0,
115,80,,
116,50,,
117,,,0
118,,,0
119,,,0
120,,,0
121,,,0
122,,,0
123,,,0
124,,,0
125,0,,
126,,,0
127,,,0
128,0,,
129,,,0
130,,,0
131,,,0
132,,,0
133,,,0
134,40,,
135,,,0
136,,,0
137,,,0
138,,,0
139,,,0
140,,,0
141,,,0
142,,,0
143,,,0
144,60,,
145,,,0
146,,25,
147,,,0
148,,,0
149,,,0
150,,,0
151,,0,
152,30,,
153,,,0
154,,,0
155,,,0
156,,,0
157,,,0
158,60,,
159,,,0
160,,,0
161,,,0
162,,,0
163,0,,
164,,,0
165,,,0
166,,,0
167,,,0
168,90,,
169,,,0
170,0,,
171,,,0
172,,,0
173,,,0
174,,,0
175,,,0
176,,,0
177,,,0
178,0,,
179,60,,
180,,,0
181,,,0
182,40,,
183,,0,
184,,,0
185,,,0
186,,,0
187,60,,
188,,,0
189,,,0
190,,,0
191,,,0
192,25,,
193,,,0
194,0,,
195,30,,
196,,,0
197,40,,
198,,0,
199,90,,
200,,,0
201,50,,
202,,0,
203,,20,
204,,,0
205,,,0
206,,,0
207,,,0
208,,,0
209,,,0
210,,,0
211,,,0
212,0,,
213,,,0
214,,,0
215,,,0
216,,,0
217,,,0
218,0,,
219,50,,
220,,,0
221,,,0
222,0,,
223,,,0
224,,,0
225,,,0
226,,70,
227,,,0
228,,,0
229,,,0
230,0,,
231,,,0
232,,,0
233,,,0
234,,0,
235,0,,
236,0,,
237,0,,
238,,,0
239,,,0
240,,,0
241,,,0
242,,,0
243,,,0
244,20,,
245,,,0
246,70,,
247,,,0
248,0,,
249,,,0
250,30,,
251,,,0
252,30,,
253,,,0
254,,,0
255,,,0
256,,,0
257,,,0
258,,,0
259,,,0
260,,30,
261,,0,
262,,,0
263,,,0
264,,0,
265,,,0
266,0,,
267,,,0
268,,,0
269,0,,
270,,,0
271,,,0
272,,,0
273,,,0
274,,0,
275,,0,
276,,,0
277,,,0
278,80,,
279,,,0
280,,,0
281,,,0
282,,,0
283,,,0
284,90,,
285,,25,
286,,,0
287,,,0
288,,,0
289,,,0
290,,,0
291,,,0
292,,,0
293,,,0
294,,0,
295,50,,
296,,,0
297,,,0
298,,,0
299,60,,
300,70,,
301,,,0
302,,,0
303,,,0
304,,,0
305,40,,
306,25,,
307,,,0
308,,,0
309,,,0
310,,,0
311,,,0
312,,,0
313,,,0
314,,,0
315,0,,
316,,,0
317,,,0
318,,,0
319,,,0
320,,,0
321,,,0
322,,,0
323,80,,
324,,,0
325,,,0
326,0,,
327,,,0
328,,,0
329,,,0
330,0,,
331,,,0
332,,,0
333,,,0
334,,,0
335,40,,
336,,,0
337,,,0
338,,,0
339,55,,
340,,,0
341,,,0
342,,,0
343,,,0
344,40,,
345,,,0
346,,,0
347,,,0
348,,,0
349,80,,
350,,,0
351,0,,
352,,,0
353,100,,
354,,,0
355,,15,
356,,,0
357,,,0
358,,,0
359,,,0
360,0,,
361,,,0
362,,30,
363,,0,
364,,,0
365,,,0
366,70,,
367,60,,
368,,,0
369,,30,
370,100,,
371,,70,
372,,,0
373,,,0
374,,,0
375,,,0
376,,,0
377,,,0
378,,,0
379,,,0
380,,,0
381,,,0
382,0,,
383,,,0
384,,,0
385,,,0
386,60,,
387,70,,
388,,,0
389,,,0
390,,,0
391,0,,
392,,,0
393,,,0
394,,,0
395,0,,
396,0,,
397,40,,
398,,,0
399,,,0
400,60,,
401,,,0
402,,,0
403,,0,
404,,,0
405,,0,
406,,,0
407,,0,
408,,,0
409,,,0
410,,,0
411,,,0
412,,,0
413,,,0
414,,,0
415,50,,
416,,,0
417,40,,
418,,,0
419,,,0
420,40,,
421,80,,
422,,,0
423,,,0
424,,,0
425,,,0
426,0,,
427,60,,
428,,,0
429,,,0
430,,,0
431,,,0
432,,,0
433,,,0
434,,25,
435,45,,
436,,,0
437,,,0
438,40,,
439,,,0
440,,,0
441,,,0
442,,,0
443,,,0
444,,,0
445,0,,
446,,,0
447,,,0
448,,,0
449,,,0
450,,,0
451,,,0
452,,,0
453,,40,
454,30,,
455,60,,
456,,,0
457,,,0
458,,,0
459,,20,
460,,,0
461,,30,
462,,,0
463,,50,
464,,,0
465,,,0
466,40,,
467,,,0
468,,40,
469,,,0
470,,,0
471,,50,
472,,,0
473,50,,
474,,,0
475,,,0
476,,,0
477,,,0
478,,,0
479,80,,
480,70,,
481,40,,
482,40,,
483,,,0
484,,,0
485,40,,
486,,,0
487,,,0
488,,0,
489,,,0
490,,,0
491,80,,
492,,,0
493,,,0
494,,,0
495,,,0
496,,,0
497,50,,
498,,,0
499,,,0
500,0,,
501,85,,
502,20,,
503,,,0
504,,,0
505,,,0
506,90,,
507,,25,
508,,,0
509,,20,
510,,,0
511,,,0
512,,,0
513,40,,
514,,,0
515,,,0
516,90,,
517,,,0
518,50,,
519,,,0
520,,,0
521,25,,
522,0,,
523,,,0
524,,,0
525,,,0
526,,,0
527,40,,
528,,,0
529,50,,
530,,,0
531,50,,
532,80,,
533,,,0
534,,,0
535,,,0
536,0,,
537,,,0
538,,60,
539,30,,
540,,,0
541,,,0
542,70,,
543,,,0
544,,40,
545,,0,
546,,,0
547,50,,
548,,,0
549,0,,
550,,,0
551,30,,
552,,30,
553,,,0
554,,,0
555,,,0
556,,,0
557,,,0
558,,,0
559,30,,
560,,,0
561,,,0
562,,0,
563,,,0
564,,,0
565,,,0
566,0,,
567,,,0
568,,,0
569,0,,
570,,,0
571,,,0
572,,,0
573,,,0
574,,,0
575,,,0
576,0,,
577,,,0
578,0,,
579,,0,
580,,,0
581,,35,
582,,,0
583,,,0
584,80,,
585,,0,
586,,,0
587,,,0
588,,,0
589,,,0
590,,,0
591,,,0
592,,,0
593,,,0
594,,,0
595,,,0
596,,,0
597,,,0
598,,,0
599,,,0
600,,,0
601,,,0
602,,,0
603,,,0
604,,0,
605,,0,
606,,,0
607,70,,
608,,,0
609,0,,
610,,,0
611,,,0
612,,,0
613,,,0
614,80,,
615,0,,
616,0,,
617,,,0
618,0,,
619,80,,
620,0,,
621,,,0
622,,,0
623,,50,
624,,,0
625,,,0
626,,,0
627,,,0
628,,,0
629,,,0
630,,,0
631,,,0
632,,,0
633,,0,
634,,,0
635,0,,
636,,,0
637,,,0
638,,,0
639,80,,
640,,,0
641,,,0
642,,0,
643,,,0
644,,,0
645,,,0
646,,,0
647,,,0
648,,,0
649,,0,
650,,,0
651,,,0
652,,,0
653,,,0
654,,,0
655,,,0
656,0,,
657,,,0
658,,20,
659,,,0
660,,,0
661,,,0
662,,0,
663,,,0
664,,,0
665,70,,
666,,,0
667,,,0
668,,,0
669,,,0
670,40,,
671,,,0
672,,,0
673,,,0
674,0,,
675,,,0
676,,,0
677,,,0
678,40,,
679,,,0
680,0,,
681,0,,
682,,,0
683,,,0
684,80,,
685,,,0
686,,,0
687,,,0
688,,,0
689,,,0
690,,,0
691,,,0
692,,0,
693,80,,
694,,,0
695,,,0
696,,,0
697,0,,
698,,,0
699,,,0
700,,,0
701,50,,
702,,,0
703,,75,
704,80,,
705,,,0
706,,,0
707,0,,
708,,,0
709,,,0
710,,,0
711,,,0
712,,,0
713,,,0
714,,,0
715,,,0
716,0,,
717,,,0
718,35,,
719,0,,
720,,,0
721,90,,
722,,,0
723,,,0
724,,,0
725,,,0
726,50,,
727,,,0
728,,,0
729,,,0
730,,,0
731,,,0
732,,,0
733,110,,
734,,,0
735,,,0
736,70,,
737,,,0
738,,,0
739,,0,
740,,0,
741,0,,
742,,,0
743,,,0
744,65,,
745,,,0
746,,,0
747,,,0
748,,,0
749,0,,
750,,,0
751,,,0
752,,0,
753,,,0
754,,,0
755,,,0
756,40,,
757,,,0
758,,,0
759,,,0
760,,,0
761,,,0
762,,,0
763,,,0
764,60,,
765,60,,
766,,,0
767,,,0
768,,,0
769,,,0
770,,,0
771,70,,
772,,,0
773,,,0
774,,,0
775,70,,
776,60,,
777,,,0
778,45,,
779,,,0
780,,,0
781,,,0
782,,,0
783,,,0
784,,,0
785,,,0
786,,,0
787,45,,
788,,,0
789,,,0
790,,,0
791,,,0
792,,,0
793,80,,
794,,,0
795,,,0
796,,30,
797,,,0
798,,,0
799,,40,
800,20,,
801,,,0
802,80,,
803,90,,
804,,,0
805,0,,
806,,,0
807,,,0
808,,,0
809,,,0
810,,0,
811,,,0
812,,,0
813,40,,
814,,0,
815,,,0
816,,,0
817,,,0
818,,,0
819,,0,
820,,,0
821,90,,
822,100,,
823,,,0
824,,,0
825,,,0
826,,,0
827,,,0
828,,,0
829,,,0
830,,,0
831,,,0
832,,,0
833,,,0
834,50,,
835,,,0
836,,,0
837,,,0
838,,,0
839,,,0
840,50,,
841,70,,
842,,,0
843,,,0
844,,,0
845,,,0
846,0,,
847,,,0
848,,,0
849,,,0
850,70,,
851,,,0
852,,,0
853,,,0
854,0,,
855,,,0
856,70,,
857,,,0
858,60,,
859,,,0
860,,,0
861,,,0
862,,,0
863,,0,
864,,,0
865,,,0
866,,,0
867,,,0
868,,,0
869,,,0
870,,,0
871,60,,
872,60,,
873,60,,
874,,,0
875,,,0
876,,,0
877,100,,
878,,0,
879,0,,
880,,,0
881,60,,
882,0,,
883,,,0
884,,,0
885,,,0
886,50,,
887,30,,
888,,,0
889,,35,
890,,,0
891,,0,
892,40,,
893,,0,
894,80,,
895,80,,
896,,,0
897,80,,
898,0,,
899,,,0
900,40,,
901,,,0
902,,,0
903,40,,
904,,,0
905,,,0
906,,,0
907,40,,
908,,,0
909,,,0
910,,,0
911,,,0
912,,,0
913,,,0
914,,,0
915,,,0
916,,,0
917,,,0
918,,,0
919,,,0
920,,,0
921,,,0
922,,,0
923,,,0
924,,,0
925,,,0
926,,,0
927,,,0
928,,,0
929,,,0
930,140,,
931,,,0
932,,,0
933,,,0
934,80,,
935,80,,
936,,,0
937,,,0
938,30,,
939,,,0
940,60,,
941,,,0
942,,,0
943,,,0
944,100,,
945,,,0
946,30,,
947,,,0
948,30,,
949,50,,
950,,,0
951,,,0
952,80,,
953,,,0
954,0,,
955,,,0
956,,,0
957,,,0
958,,0,
959,0,,
960,,,0
961,,,0
962,70,,
963,,,0
964,0,,
965,,,0
966,,,0
967,20,,
968,,,0
969,,,0
970,,,0
971,,,0
972,,,0
973,,,0
974,,,0
975,,,0
976,30,,
977,,,0
978,,,0
979,0,,
980,,,0
981,,,0
982,,,0
983,70,,
984,0,,
985,,,0
986,,,0
987,,50,
988,60,,
989,,,0
990,,,0
991,20,,
992,,,0
993,,,0
994,,,0
995,,0,
996,,,0
997,,,0
998,,,0
999,25,,
1000,,,0
1001,,,0
1002,,0,
1003,30,,
1004,0,,
1005,,,0
1006,,,0
1007,70,,
1008,90,,
1009,,,0
1010,,,0
1011,,0,
1012,,,0
1013,60,,
1014,,,0
1015,,,0
1016,,,0
1017,,,0
1018,45,,
1019,,,0
1020,,,0
1021,,0,
1022,,,0
1023,,,0
1024,,60,
1025,40,,
1026,,,0
1027,,,0
1028,,,0
1029,,,0
1030,,,0
1031,,,0
1032,,,0
1033,0,,
1034,,,0
1035,0,,
1036,,,0
1037,,,0
1038,,,0
1039,,,0
1040,,0,
1041,,,0
1042,,,0
1043,,,0
1044,,0,
1045,0,,
1046,,0,
1047,,40,
1048,,,0
1049,70,,
1050,,,0
1051,,0,
1052,,,0
1053,,,0
1054,35,,
1055,60,,
1056,60,,
1057,80,,
1058,50,,
1059,50,,
1060,,,0
1061,,,0
1062,,,0
1063,40,,
1064,,,0
1065,,,0
1066,0,,
1067,,20,
1068,,,0
1069,,,0
1070,,,0
1071,,,0
1072,,,0
1073,90,,
1074,20,,
1075,0,,
1076,0,,
1077,,,0
1078,,,0
1079,0,,
1080,,,0
1081,90,,
1082,,,0
1083,,,0
1084,,,0
1085,,,0
1086,40,,
1087,,,0
1088,80,,
1089,,0,
1090,40,,
1091,,,0
1092,,0,
1093,,,0
1094,45,,
1095,40,,
1096,0,,
1097,50,,
1098,,0,
1099,,,0
1100,,,0
1101,,0,
1102,,,0
1103,,,0
1104,40,,
1105,,,0
1106,60,,
1107,,,0
1108,,,0
1109,60,,
1110,80,,
1111,,,0
1112,,,0
1113,,,0
1114,,,0
1115,,,0
1116,,,0
1117,50,,
1118,50,,
1119,,,0
1120,70,,
1121,,,0
1122,,,0
1123,,,0
1124,,,0
1125,80,,
1126,0,,
1127,,,0
1128,,,0
1129,60,,
1130,,,0
1131,,,0
1132,,,0
1133,70,,
1134,60,,
1135,,,0
1136,,,0
1137,,,0
1138,,,0
1139,,,0
1140,,,0
1141,,,0
1142,0,,
1143,,,0
1144,,,0
1145,,,0
1146,,,0
1147,,,0
1148,0,,
1149,,,0
1150,80,,
1151,,,0
1152,0,,
1153,,,0
1154,,,0
1155,,,0
1156,,,0
1157,,0,
1158,0,,
1159,,30,
1160,,,0
1161,,40,
1162,,,0
1163,,,0
1164,,,0
1165,,65,
1166,30,,
1167,0,,
1168,,,0
1169,,,0
1170,,,0
1171,,,0
1172,,,0
1173,70,,
1174,,,0
1175,,0,
1176,,,0
1177,,,0
1178,,,0
1179,,,0
1180,,20,
1181,,,0
1182,0,,
1183,,30,
1184,,,0
1185,,,0
1186,,,0
1187,60,,
1188,40,,
1189,,,0
1190,,,0
1191,,,0
1192,90,,
1193,40,,
1194,,40,
1195,,0,
1196,,,0
1197,,,0
1198,,,0
1199,70,,
1200,0,,
1201,,,0
1202,,,0
1203,,,0
1204,55,,
1205,0,,
1206,60,,
1207,,,0
1208,,,0
1209,90,,
1210,,,0
1211,,,0
1212,,0,
1213,,,0
1214,0,,
1215,,,0
1216,50,,
1217,,,0
1218,,,0
1219,,,0
1220,60,,
1221,,,0
1222,,,0
1223,,,0
1224,,40,
1225,,,0
1226,,,0
1227,,,0
1228,,,0
1229,,,0
1230,,,0
1231,0,,
1232,25,,
1233,,,0
1234,,,0
1235,,,0
1236,,,0
1237,,,0
1238,40,,
1239,,,0
1240,60,,
1241,,0,
1242,,0,
1243,0,,
1244,,,0
1245,50,,
1246,,,0
1247,,,0
1248,,,0
1249,,,0
1250,,,0
1251,60,,
1252,,,0
1253,,,0
1254,,0,
1255,,,0
1256,,0,
1257,,,0
1258,,0,
1259,80,,
1260,80,,
1261,,,0
1262,70,,
1263,,,0
1264,,,0
1265,,,0
1266,,,0
1267,,,0
1268,,,0
1269,50,,
1270,,0,
1271,,,0
1272,,,0
1273,,,0
1274,,,0
1275,,,0
1276,,,0
1277,,0,
1278,,0,
1279,,,0
1280,,,0
1281,,,0
1282,,,0
1283,,0,
1284,60,,
1285,,,0
1286,,50,
1287,,,0
1288,,,0
1289,,,0
1290,,,0
1291,,,0
1292,30,,
1293,,,0
1294,,,0
1295,,,0
1296,,,0
1297,,,0
1298,,,0
1299,40,,
1300,30,,
1301,,,0
1302,,35,
1303,,,0
1304,,,0
1305,50,,
1306,,0,
1307,,,0
1308,,,0
1309,,,0
1310,,,0
1311,,,0
1312,,,0
1313,,,0
1314,,,0
1315,,,0
1316,,,0
1317,,,0
1318,,,0
1319,,,0
1320,,,0
1321,,,0
1322,,,0
1323,,,0
1324,40,,
1325,80,,
1326,,,0
1327,0,,
1328,25,,
1329,,,0
1330,25,,
1331,,,0
1332,,,0
1333,,0,
1334,,,0
1335,,,0
1336,0,,
1337,,,0
1338,40,,
1339,,,0
1340,35,,
1341,,,0
1342,,,0
1343,40,,
1344,0,,
1345,,0,
1346,0,,
1347,80,,
1348,0,,
1349,,,0
1350,60,,
1351,0,,
1352,,,0
1353,60,,
1354,0,,
1355,,,0
1356,,,0
1357,,,0
1358,40,,
1359,,,0
1360,,,0
1361,,,0
1362,,0,
1363,,,0
1364,,,0
1365,,,0
1366,,,0
1367,60,,
1368,,,0
1369,,0,
1370,,,0
1371,,,0
1372,50,,
1373,,,0
1374,,0,
1375,40,,
1376,70,,
1377,,,0
1378,,,0
1379,,,0
1380,,0,
1381,60,,
1382,,,0
1383,,,0
1384,,35,
1385,,,0
1386,,,0
1387,70,,
1388,,,0
1389,,,0
1390,,,0
1391,0,,
1392,,,0
1393,40,,
1394,,,0
1395,,,0
1396,25,,
1397,,,0
1398,,,0
1399,,,0
1400,,,0
1401,,,0
1402,35,,
1403,,,0
1404,50,,
1405,30,,
1406,,,0
1407,,,0
1408,,,0
1409,,,0
1410,,,0
1411,0,,
1412,,30,
1413,,,0
1414,,,0
1415,,,0
1416,,,0
1417,0,,
1418,,,0
1419,40,,
1420,,,0
1421,,0,
1422,,25,
1423,,,0
1424,,50,
1425,80,,
1426,0,,
1427,,,0
1428,,,0
1429,,,0
1430,,0,
1431,,,0
1432,,,0
1433,,,0
1434,40,,
1435,,0,
1436,,,0
1437,,,0
1438,,,0
1439,,,0
1440,,,0
1441,,,0
1442,,,0
1443,,,0
1444,,,0
1445,,,0
1446,,,0
1447,,0,
1448,,,0
1449,,,0
1450,,,0
1451,,,0
1452,,,0
1453,,,0
1454,40,,
1455,,60,
1456,,,0
1457,,,0
1458,90,,
1459,,,0
1460,0,,
1461,,,0
1462,60,,
1463,,,0
1464,,,0
1465,,,0
1466,,0,
1467,,,0
1468,0,,
1469,,,0
1470,,,0
1471,,,0
1472,,,0
1473,20,,
1474,,,0
1475,40,,
1476,,30,
1477,,,0
1478,,,0
1479,,25,
1480,70,,
1481,50,,
1482,20,,
1483,,,0
1484,,,0
1485,,,0
1486,,,0
1487,20,,
1488,,,0
1489,,0,
1490,,,0
1491,30,,
1492,,,0
1493,,,0
1494,,0,
1495,,0,
1496,80,,
1497,,,0
1498,80,,
1499,,,0
1500,,,0
1501,,,0
1502,,,0
1503,,,0
1504,,,0
1505,,,0
1506,,,0
1507,,,0
1508,,,0
1509,,,0
1510,,,0
1511,0,,
1512,,,0
1513,,,0
1514,40,,
1515,,,0
1516,,,0
1517,,,0
1518,,0,
1519,,,0
1520,,0,
1521,,,0
1522,,,0
1523,90,,
1524,,,0
1525,,,0
1526,100,,
1527,,,0
1528,50,,
1529,,,0
1530,40,,
1531,40,,
1532,,,0
1533,,,0
1534,75,,
1535,40,,
1536,,,0
1537,,,0
1538,95,,
1539,55,,
1540,,,0
1541,70,,
1542,,,0
1543,,,0
1544,,,0
1545,0,,
1546,,,0
1547,,,0
1548,55,,
1549,,0,
1550,,0,
1551,,,0
1552,0,,
1553,,,0
1554,,,0
1555,65,,
1556,,20,
1557,,,0
1558,,,0
1559,,,0
1560,,,0
1561,,,0
1562,,45,
1563,,,0
1564,,,0
1565,45,,
1566,,,0
1567,,,0
1568,,,0
1569,,,0
1570,,,0
1571,,,0
1572,,,0
1573,0,,
1574,,30,
1575,,30,
1576,,,0
1577,0,,
1578,,,0
1579,,,0
1580,,,0
1581,,,0
1582,,,0
1583,45,,
1584,,,0
1585,60,,
1586,,,0
1587,,,0
1588,,,0
1589,,,0
1590,,0,
1591,20,,
1592,,,0
1593,,,0
1594,,,0
1595,,,0
1596,,,0
1597,,,0
1598,,,0
1599,,30,
1600,35,,
1601,,,0
1602,70,,
1603,,,0
1604,,,0
1605,,,0
1606,,0,
1607,,,0
1608,,,0
1609,,,0
1610,,,0
1611,,,0
1612,,,0
1613,,,0
1614,,,0
1615,,,0
1616,,,0
1617,,,0
1618,,,0
1619,,0,
1620,60,,
1621,,,0
1622,,,0
1623,,,0
1624,,,0
1625,,,0
1626,,,0
1627,,,0
1628,,,0
1629,50,,
1630,45,,
1631,55,,
1632,0,,
1633,0,,
1634,,,0
1635,,,0
1636,,,0
1637,,,0
1638,,,0
1639,,,0
1640,,,0
1641,,,0
1642,50,,
1643,0,,
1644,,,0
1645,,,0
1646,,20,
1647,80,,
1648,,,0
1649,,,0
1650,70,,
1651,70,,
1652,,,0
1653,,,0
1654,,,0
1655,,,0
1656,,,0
1657,75,,
1658,,,0
1659,90,,
1660,,,0
1661,,,0
1662,,,0
1663,,,0
1664,0,,
1665,,,0
1666,,,0
1667,,,0
1668,,,0
1669,,,0
1670,,,0
1671,70,,
1672,,,0
1673,,25,
1674,75,,
1675,,25,
1676,,55,
1677,,,0
1678,,,0
1679,60,,
1680,0,,
1681,,,0
1682,,,0
1683,,,0
1684,,,0
1685,40,,
1686,60,,
1687,,,0
1688,,,0
1689,,,0
1690,,0,
1691,0,,
1692,,,0
1693,,,0
1694,,,0
1695,,,0
1696,,,0
1697,,,0
1698,,,0
1699,,,0
1700,,,0
1701,0,,
1702,40,,
1703,55,,
1704,,,0
1705,,,0
1706,,,0
1707,40,,
1708,,,0
1709,,,0
1710,,45,
1711,,,0
1712,,0,
1713,40,,
1714,,,0
1715,,,0
1716,,40,
1717,,,0
1718,,,0
1719,,,0
1720,,,0
1721,40,,
1722,,,0
1723,80,,
1724,,,0
1725,,,0
1726,,0,
1727,,,0
1728,,,0
1729,,,0
1730,,,0
1731,,,0
1732,,,0
1733,,,0
1734,80,,
1735,,,0
1736,,,0
1737,40,,
1738,,,0
1739,0,,
1740,,,0
1741,70,,
1742,25,,
1743,,,0
1744,35,,
1745,,,0
1746,,,0
1747,,,0
1748,,,0
1749,,,0
1750,70,,
1751,,,0
1752,25,,
1753,,,0
1754,65,,
1755,,,0
1756,,,0
1757,50,,
1758,,,0
1759,80,,
1760,,,0
1761,,,0
1762,,,0
1763,,0,
1764,95,,
1765,,,0
1766,,,0
1767,60,,
1768,,,0
1769,50,,
1770,,,0
1771,,,0
1772,,,0
1773,,,0
1774,,,0
1775,40,,
1776,,,0
1777,,,0
1778,,40,
1779,40,,
1780,,0,
1781,,,0
1782,,,0
1783,,,0
1784,,,0
1785,0,,
1786,,,0
1787,,,0
1788,80,,
1789,,,0
1790,,0,
1791,30,,
1792,,,0
1793,,0,
1794,25,,
1795,,,0
1796,,,0
1797,,,0
1798,,,0
1799,,,0
1800,,,0
1801,,,0
1802,0,,
1803,,,0
1804,,,0
1805,,,0
1806,0,,
1807,,,0
1808,,,0
1809,100,,
1810,,60,
1811,70,,
1812,,15,
1813,,,0
1814,,,0
1815,,60,
1816,,,0
1817,,35,
1818,,,0
1819,20,,
1820,,,0
1821,,35,
1822,,,0
1823,70,,
1824,0,,
1825,,0,
1826,50,,
1827,,,0
1828,,0,
1829,70,,
1830,,,0
1831,,,0
1832,,,0
1833,,,0
1834,,0,
1835,,,0
1836,,,0
1837,,,0
1838,,,0
1839,,,0
1840,,,0
1841,,,0
1842,,,0
1843,,,0
1844,,0,
1845,,,0
1846,,40,
1847,60,,
1848,,,0
1849,,,0
1850,,35,
1851,,,0
1852,,45,
1853,,,0
1854,,,0
1855,,,0
1856,35,,
1857,,,0
1858,,,0
1859,,,0
1860,,,0
1861,,,0
1862,,,0
1863,40,,
1864,,,0
1865,,,0
1866,,,0
1867,,,0
1868,45,,
1869,,,0
1870,65,,
1871,,,0
1872,0,,
1873,,30,
1874,,,0
1875,,,0
1876,,,0
1877,40,,
1878,,,0
1879,,,0
1880,,60,
1881,,,0
1882,,0,
1883,,40,
1884,,,0
1885,,40,
1886,,,0
1887,,,0
1888,,,0
1889,50,,
1890,,,0
1891,,,0
1892,,,0
1893,60,,
1894,,,0
1895,,,0
1896,,,0
1897,,,0
1898,,,0
1899,,,0
1900,0,,
1901,,,0
1902,,,0
1903,,,0
1904,,,0
1905,,,0
1906,,,0
1907,30,,
1908,,,0
1909,0,,
1910,,,0
1911,,,0
1912,,,0
1913,,0,
1914,60,,
1915,,,0
1916,,,0
1917,,,0
1918,,,0
1919,,40,
1920,,,0
1921,65,,
1922,0,,
1923,60,,
1924,,,0
1925,50,,
1926,,,0
1927,,,0
1928,30,,
1929,,,0
1930,70,,
1931,,,0
1932,,,0
1933,,,0
1934,,,0
1935,,,0
1936,,,0
1937,,,0
1938,,,0
1939,,,0
1940,0,,
1941,,,0
1942,,,0
1943,,,0
1944,,,0
1945,,,0
1946,60,,
1947,70,,
1948,0,,
1949,0,,
1950,,,0
1951,,,0
1952,,,0
1953,,40,
1954,,,0
1955,0,,
1956,90,,
1957,,,0
1958,40,,
1959,,,0
1960,,,0
1961,,,0
1962,,,0
1963,0,,
1964,,,0
1965,,,0
1966,,,0
1967,,,0
1968,0,,
1969,,,0
1970,,,0
1971,,,0
1972,,,0
1973,,,0
1974,,,0
1975,,,0
1976,0,,
1977,,,0
1978,,,0
1979,40,,
1980,,,0
1981,,,0
1982,,60,
1983,,,0
1984,,,0
1985,,,0
1986,,,0
1987,50,,
1988,,,0
1989,,,0
1990,,,0
1991,,,0
1992,90,,
1993,,,0
1994,,,0
1995,,,0
1996,,45,
1997,,,0
1998,,,0
1999,,,0
2000,,,0
2001,,,
2002,,,
2003,,,
2004,,,
2005,,,
2006,,,
2007,,,
2008,,,
2009,,,
2010,,,
2011,,,
2012,,,
2013,,,
2014,,,
2015,,,
2016,,,
2017,,,
2018,,,
2019,,,
2020,,,
2021,,,
2022,,,
2023,,,
2024,,,
2025,,,
2026,,,
2027,,,
2028,,,
2029,,,
2030,,,
2031,,,
2032,,,
2033,,,
2034,,,
2035,,,
2036,,,
2037,,,
2038,,,
2039,,,
2040,,,
2041,,,
2042,,,
2043,,,
2044,,,
2045,,,
2046,,,
2047,,,
2048,,,
2049,,,
2050,,,
2051,,,
2052,,,
2053,,,
2054,,,
2055,,,
2056,,,
2057,,,
2058,,,
2059,,,
2060,,,
2061,,,
2062,,,
2063,,,
2064,,,
2065,,,
2066,,,
2067,,,
2068,,,
2069,,,
2070,,,
2071,,,
2072,,,
2073,,,
2074,,,
2075,,,
2076,,,
2077,,,
2078,,,
2079,,,
2080,,,
2081,,,
2082,,,
2083,,,
2084,,,
2085,,,
2086,,,
2087,,,
2088,,,
2089,,,
2090,,,
2091,,,
2092,,,
2093,,,
2094,,,
2095,,,
2096,,,
2097,,,
2098,,,
2099,,,
2100,,,
2101,,,
2102,,,
2103,,,
2104,,,
2105,,,
2106,,,
2107,,,
2108,,,
2109,,,
2110,,,
2111,,,
2112,,,
2113,,,
2114,,,
2115,,,
2116,,,
2117,,,
2118,,,
2119,,,
2120,,,
2121,,,
2122,,,
2123,,,
2124,,,
2125,,,
2126,,,
2127,,,
2128,,,
2129,,,
2130,,,
2131,,,
2132,,,
2133,,,
2134,,,
2135,,,
2136,,,
2137,,,
2138,,,
2139,,,
2140,,,
2141,,,
2142,,,
2143,,,
2144,,,
2145,,,
2146,,,
2147,,,
2148,,,
2149,,,
2150,,,
2151,,,
2152,,,
2153,,,
2154,,,
2155,,,
2156,,,
2157,,,
2158,,,
2159,,,
2160,,,
2161,,,
2162,,,
2163,,,
2164,,,
2165,,,
2166,,,
2167,,,
2168,,,
2169,,,
2170,,,
2171,,,
2172,,,
2173,,,
2174,,,
2175,,,
2176,,,
2177,,,
2178,,,
2179,,,
2180,,,
2181,,,
2182,,,
2183,,,
2184,,,
2185,,,
2186,,,
2187,,,
2188,,,
2189,,,
2190,,,
2191,,,
2192,,,
2193,,,
2194,,,
2195,,,
2196,,,
2197,,,
2198,,,
2199,,,
2200,,,
2201,,,
2202,,,
2203,,,
2204,,,
2205,,,
2206,,,
2207,,,
2208,,,
2209,,,
2210,,,
2211,,,
2212,,,
2213,,,
2214,,,
2215,,,
2216,,,
2217,,,
2218,,,
2219,,,
2220,,,
2221,,,
2222,,,
2223,,,
2224,,,
2225,,,
2226,,,
2227,,,
2228,,,
2229,,,
2230,,,
2231,,,
2232,,,
2233,,,
2234,,,
2235,,,
2236,,,
2237,,,
2238,,,
2239,,,
2240,,,
2241,,,
2242,,,
2243,,,
2244,,,
2245,,,
2246,,,
2247,,,
2248,,,
2249,,,
2250,,,
2251,,,
2252,,,
2253,,,
2254,,,
2255,,,
2256,,,
2257,,,
2258,,,
2259,,,
2260,,,
2261,,,
2262,,,
2263,,,
2264,,,
2265,,,
2266,,,
2267,,,
2268,,,
2269,,,
2270,,,
2271,,,
2272,,,
2273,,,
2274,,,
2275,,,
2276,,,
2277,,,
2278,,,
2279,,,
2280,,,
2281,,,
2282,,,
2283,,,
2284,,,
2285,,,
2286,,,
2287,,,
2288,,,
2289,,,
2290,,,
2291,,,
2292,,,
2293,,,
2294,,,
2295,,,
2296,,,
2297,,,
2298,,,
2299,,,
2300,,,
2301,,,
2302,,,
2303,,,
2304,,,
2305,,,
2306,,,
2307,,,
2308,,,
2309,,,
2310,,,
2311,,,
2312,,,
2313,,,
2314,,,
2315,,,
2316,,,
2317,,,
2318,,,
2319,,,
2320,,,
2321,,,
2322,,,
2323,,,
2324,,,
2325,,,
2326,,,
2327,,,
2328,,,
2329,,,
2330,,,
2331,,,
2332,,,
2333,,,
2334,,,
2335,,,
2336,,,
2337,,,
2338,,,
2339,,,
2340,,,
2341,,,
2342,,,
2343,,,
2344,,,
2345,,,
2346,,,
2347,,,
2348,,,
2349,,,
2350,,,
2351,,,
2352,,,
2353,,,
2354,,,
2355,,,
2356,,,
2357,,,
2358,,,
2359,,,
2360,,,
2361,,,
2362,,,
2363,,,
2364,,,
2365,,,
2366,,,
2367,,,
2368,,,
2369,,,
2370,,,
2371,,,
2372,,,
2373,,,
2374,,,
2375,,,
2376,,,
2377,,,
2378,,,
2379,,,
2380,,,
2381,,,
2382,,,
2383,,,
2384,,,
2385,,,
2386,,,
2387,,,
2388,,,
2389,,,
2390,,,
2391,,,
2392,,,
2393,,,
2394,,,
2395,,,
2396,,,
2397,,,
2398,,,
2399,,,
2400,,,
2401,,,
2402,,,
2403,,,
2404,,,
2405,,,
2406,,,
2407,,,
2408,,,
2409,,,
2410,,,
2411,,,
2412,,,
2413,,,
2414,,,
2415,,,
2416,,,
2417,,,
2418,,,
2419,,,
2420,,,
2421,,,
2422,,,
2423,,,
2424,,,
2425,,,
2426,,,
2427,,,
2428,,,
2429,,,
2430,,,
2431,,,
2432,,,
2433,,,
2434,,,
2435,,,
2436,,,
2437,,,
2438,,,
2439,,,
2440,,,
2441,,,
2442,,,
2443,,,
2444,,,
2445,,,
2446,,,
2447,,,
2448,,,
2449,,,
2450,,,
2451,,,
2452,,,
2453,,,
2454,,,
2455,,,
2456,,,
2457,,,
2458,,,
2459,,,
2460,,,
2461,,,
2462,,,
2463,,,
2464,,,
2465,,,
2466,,,
2467,,,
2468,,,
2469,,,
2470,,,
2471,,,
2472,,,
2473,,,
2474,,,
2475,,,
2476,,,
2477,,,
2478,,,
2479,,,
2480,,,
2481,,,
2482,,,
2483,,,
2484,,,
2485,,,
2486,,,
2487,,,
2488,,,
2489,,,
2490,,,
2491,,,
2492,,,
2493,,,
2494,,,
2495,,,
2496,,,
2497,,,
2498,,,
2499,,,
2500,,,
2501,,,
2502,,,
2503,,,
2504,,,
2505,,,
2506,,,
2507,,,
2508,,,
2509,,,
2510,,,
2511,,,
2512,,,
2513,,,
2514,,,
2515,,,
2516,,,
2517,,,
2518,,,
2519,,,
2520,,,
2521,,,
2522,,,
2523,,,
2524,,,
2525,,,
2526,,,
2527,,,
2528,,,
2529,,,
2530,,,
2531,,,
2532,,,
2533,,,
2534,,,
2535,,,
2536,,,
2537,,,
2538,,,
2539,,,
2540,,,
2541,,,
2542,,,
2543,,,
2544,,,
2545,,,
2546,,,
2547,,,
2548,,,
2549,,,
2550,,,
2551,,,
2552,,,
2553,,,
2554,,,
2555,,,
2556,,,
2557,,,
2558,,,
2559,,,
2560,,,
2561,,,
2562,,,
2563,,,
2564,,,
2565,,,
2566,,,
2567,,,
2568,,,
2569,,,
2570,,,
2571,,,
2572,,,
2573,,,
2574,,,
2575,,,
2576,,,
2577,,,
2578,,,
2579,,,
2580,,,
2581,,,
2582,,,
2583,,,
2584,,,
2585,,,
2586,,,
2587,,,
2588,,,
2589,,,
2590,,,
2591,,,
2592,,,
2593,,,
2594,,,
2595,,,
2596,,,
2597,,,
2598,,,
2599,,,
2600,,,
2601,,,
2602,,,
2603,,,
2604,,,
2605,,,
2606,,,
2607,,,
2608,,,
2609,,,
2610,,,
2611,,,
2612,,,
2613,,,
2614,,,
2615,,,
2616,,,
2617,,,
2618,,,
2619,,,
2620,,,
2621,,,
2622,,,
2623,,,
2624,,,
2625,,,
2626,,,
2627,,,
2628,,,
2629,,,
2630,,,
2631,,,
2632,,,
2633,,,
2634,,,
2635,,,
2636,,,
2637,,,
2638,,,
2639,,,
2640,,,
2641,,,
2642,,,
2643,,,
2644,,,
2645,,,
2646,,,
2647,,,
2648,,,
2649,,,
2650,,,
2651,,,
2652,,,
2653,,,
2654,,,
2655,,,
2656,,,
2657,,,
2658,,,
2659,,,
2660,,,
2661,,,
2662,,,
2663,,,
2664,,,
2665,,,
2666,,,
2667,,,
2668,,,
2669,,,
2670,,,
2671,,,
2672,,,
2673,,,
2674,,,
2675,,,
2676,,,
2677,,,
2678,,,
2679,,,
2680,,,
2681,,,
2682,,,
2683,,,
2684,,,
2685,,,
2686,,,
2687,,,
2688,,,
2689,,,
2690,,,
2691,,,
2692,,,
2693,,,
2694,,,
2695,,,
2696,,,
2697,,,
2698,,,
2699,,,
2700,,,
2701,,,
2702,,,
2703,,,
2704,,,
2705,,,
2706,,,
2707,,,
2708,,,
2709,,,
2710,,,
2711,,,
2712,,,
2713,,,
2714,,,
2715,,,
2716,,,
2717,,,
2718,,,
2719,,,
2720,,,
2721,,,
2722,,,
2723,,,
2724,,,
2725,,,
2726,,,
2727,,,
2728,,,
2729,,,
2730,,,
2731,,,
2732,,,
2733,,,
2734,,,
2735,,,
2736,,,
2737,,,
2738,,,
2739,,,
2740,,,
2741,,,
2742,,,
2743,,,
2744,,,
2745,,,
2746,,,
2747,,,
2748,,,
2749,,,
2750,,,
2751,,,
2752,,,
2753,,,
2754,,,
2755,,,
2756,,,
2757,,,
2758,,,
2759,,,
2760,,,
2761,,,
2762,,,
2763,,,
2764,,,
2765,,,
2766,,,
2767,,,
2768,,,
2769,,,
2770,,,
2771,,,
2772,,,
2773,,,
2774,,,
2775,,,
2776,,,
2777,,,
2778,,,
2779,,,
2780,,,
2781,,,
2782,,,
2783,,,
2784,,,
2785,,,
2786,,,
2787,,,
2788,,,
2789,,,
2790,,,
2791,,,
2792,,,
2793,,,
2794,,,
2795,,,
2796,,,
2797,,,
2798,,,
2799,,,
2800,,,
2801,,,
2802,,,
2803,,,
2804,,,
2805,,,
2806,,,
2807,,,
2808,,,
2809,,,
2810,,,
2811,,,
2812,,,
2813,,,
2814,,,
2815,,,
2816,,,
2817,,,
2818,,,
2819,,,
2820,,,
2821,,,
2822,,,
2823,,,
2824,,,
2825,,,
2826,,,
2827,,,
2828,,,
2829,,,
2830,,,
2831,,,
2832,,,
2833,,,
2834,,,
2835,,,
2836,,,
2837,,,
2838,,,
2839,,,
2840,,,
2841,,,
2842,,,
2843,,,
2844,,,
2845,,,
2846,,,
2847,,,
2848,,,
2849,,,
2850,,,
2851,,,
2852,,,
2853,,,
2854,,,
2855,,,
2856,,,
2857,,,
2858,,,
2859,,,
2860,,,
2861,,,
2862,,,
2863,,,
2864,,,
2865,,,
2866,,,
2867,,,
2868,,,
2869,,,
2870,,,
2871,,,
2872,,,
2873,,,
2874,,,
2875,,,
2876,,,
2877,,,
2878,,,
2879,,,
2880,,,
2881,,,
2882,,,
2883,,,
2884,,,
2885,,,
2886,,,
2887,,,
2888,,,
2889,,,
2890,,,
2891,,,
2892,,,
2893,,,
2894,,,
2895,,,
2896,,,
2897,,,
2898,,,
2899,,,
2900,,,
2901,,,
2902,,,
2903,,,
2904,,,
2905,,,
2906,,,
2907,,,
2908,,,
2909,,,
2910,,,
2911,,,
2912,,,
2913,,,
2914,,,
2915,,,
2916,,,
2917,,,
2918,,,
2919,,,
2920,,,
2921,,,
2922,,,
2923,,,
2924,,,
2925,,,
2926,,,
2927,,,
2928,,,
2929,,,
2930,,,
2931,,,
2932,,,
2933,,,
2934,,,
2935,,,
2936,,,
2937,,,
2938,,,
2939,,,
2940,,,
2941,,,
2942,,,
2943,,,
2944,,,
2945,,,
2946,,,
2947,,,
2948,,,
2949,,,
2950,,,
2951,,,
2952,,,
2953,,,
2954,,,
2955,,,
2956,,,
2957,,,
2958,,,
2959,,,
2960,,,
2961,,,
2962,,,
2963,,,
2964,,,
2965,,,
2966,,,
2967,,,
2968,,,
2969,,,
2970,,,
2971,,,
2972,,,
2973,,,
2974,,,
2975,,,
2976,,,
2977,,,
2978,,,
2979,,,
2980,,,
2981,,,
2982,,,
2983,,,
2984,,,
2985,,,
2986,,,
2987,,,
2988,,,
2989,,,
2990,,,
2991,,,
2992,,,
2993,,,
2994,,,
2995,,,
2996,,,
2997,,,
2998,,,
2999,,,
3000,,,
